row_key,event_key,email,rating,would_return,comment
74f86f73,etbe-northwind-25,aditi.rao@aurorasteel.example.com,4,No,
58f162fc,etbe-northwind-25,arjun.sethi@bluepeakpharma.example.com,5,Yes,
999de417,etbe-northwind-25,bhavna.verma@cedarlinemotors.example.com,5,Yes,The smallest room I have been in with peers who are actually scaling AI.
33bc2a34,etbe-northwind-25,chirag.nair@deltagridpower.example.com,4,Yes,
e2c92e7b,etbe-northwind-25,deepa.reddy@everestfinserv.example.com,5,Yes,
7f60cef7,etbe-northwind-25,farhan.shah@falconlogistics.example.com,5,Yes,
e87f931e,etbe-northwind-25,gauri.pillai@granitecement.example.com,4,Yes,
dc22db1a,etbe-northwind-25,harsh.menon@horizonhospitals.example.com,5,No,
57df147c,etbe-northwind-25,isha.joshi@industextiles.example.com,5,Yes,
8c46484d,etbe-northwind-25,jatin.kulkarni@jadesoftware.example.com,4,Yes,
6e689e1c,etbe-northwind-25,kavya.gupta@kestrelairways.example.com,5,Yes,
ab52f1ce,etbe-northwind-25,lakshay.malhotra@lumentelecom.example.com,5,Yes,
7eea78d8,etbe-northwind-25,mira.kapoor@monarchbank.example.com,4,Yes,
9d5038eb,etbe-northwind-25,nakul.desai@nimbusretail.example.com,5,Yes,
831f7783,etbe-northwind-25,ojas.iyer@orionchemicals.example.com,5,No,
0d3b83ad,etbe-northwind-25,pallavi.bose@pinnacleinsurance.example.com,4,Yes,
f3559143,etbe-northwind-25,raghav.rao@quartzsemiconductors.example.com,5,Yes,
5987a1ed,etbe-northwind-25,sana.sethi@radiantfoods.example.com,5,Yes,
ec1ffae5,etbe-northwind-25,tara.verma@sapphirerealty.example.com,4,Yes,
a83b8d8a,etbe-northwind-25,uday.nair@titanports.example.com,5,Yes,
