row_key,event_key,platform,post_url,posted_at,text,impressions,views,reach,reactions,comments,shares,clicks,as_of
57e2c777,etbe-bws-2025,LinkedIn,https://www.linkedin.com/feed/update/urn:li:activity:735348769239695621,2025-05-12,#ETBWS2025 Brand World Summit 2025 (sample post),32908,,,987,65,32,658,2025-07-05
441f1c58,etbe-bws-2025,LinkedIn,https://www.linkedin.com/feed/update/urn:li:activity:738508854095866624,2025-05-28,#ETBWS2025 Brand World Summit 2025 (sample post),30250,,,907,60,30,605,2025-07-05
123d6ece,etbe-bws-2025,LinkedIn,https://www.linkedin.com/feed/update/urn:li:activity:733132590386333296,2025-05-15,#ETBWS2025 Brand World Summit 2025 (sample post),27094,,,812,54,27,541,2025-07-05
dc32d2ec,etbe-bws-2025,LinkedIn,https://www.linkedin.com/feed/update/urn:li:activity:731470945584487501,2025-05-12,#ETBWS2025 Brand World Summit 2025 (sample post),18728,,,561,37,18,374,2025-07-05
5a2089c0,etbe-bws-2025,LinkedIn,https://www.linkedin.com/feed/update/urn:li:activity:731985707251408232,2025-06-19,#ETBWS2025 Brand World Summit 2025 (sample post),31066,,,931,62,31,621,2025-07-05
d53e3793,etbe-bws-2025,LinkedIn,https://www.linkedin.com/feed/update/urn:li:activity:733063664612486521,2025-06-02,#ETBWS2025 Brand World Summit 2025 (sample post),32391,,,971,64,32,647,2025-07-05
37a9db13,etbe-bws-2025,LinkedIn,https://www.linkedin.com/feed/update/urn:li:activity:738570070826676498,2025-06-16,#ETBWS2025 Brand World Summit 2025 (sample post),15462,,,463,30,15,309,2025-07-05
124136ce,etbe-bws-2025,LinkedIn,https://www.linkedin.com/feed/update/urn:li:activity:736341729080978048,2025-06-06,#ETBWS2025 Brand World Summit 2025 (sample post),17553,,,526,35,17,351,2025-07-05
5ed1d9a8,etbe-bws-2025,LinkedIn,https://www.linkedin.com/feed/update/urn:li:activity:735897456811888857,2025-06-22,#ETBWS2025 Brand World Summit 2025 (sample post),31957,,,958,63,31,639,2025-07-05
fd0549a4,etbe-bws-2025,LinkedIn,https://www.linkedin.com/feed/update/urn:li:activity:736109824451441281,2025-06-23,#ETBWS2025 Brand World Summit 2025 (sample post),33269,,,998,66,33,665,2025-07-05
ac40926e,etbe-bws-2025,LinkedIn,https://www.linkedin.com/feed/update/urn:li:activity:738040087083004402,2025-07-04,#ETBWS2025 Brand World Summit 2025 (sample post),13415,,,402,26,13,268,2025-07-05
f04bc8eb,etbe-bws-2025,LinkedIn,https://www.linkedin.com/feed/update/urn:li:activity:738370816270030671,2025-07-04,#ETBWS2025 Brand World Summit 2025 (sample post),5673,,,170,11,5,113,2025-07-05
b9e372b0,etbe-bws-2025,LinkedIn,https://www.linkedin.com/feed/update/urn:li:activity:733550002448276088,2025-07-04,#ETBWS2025 Brand World Summit 2025 (sample post),12830,,,384,25,12,256,2025-07-05
b4e08ce0,etbe-bws-2025,LinkedIn,https://www.linkedin.com/feed/update/urn:li:activity:737146346446250529,2025-07-04,#ETBWS2025 Brand World Summit 2025 (sample post),8594,,,257,17,8,171,2025-07-05
083fdf94,etbe-bws-2025,Instagram,https://www.instagram.com/p/sample0/,2025-06-03,Countdown to #ETBWS2025 (sample),,21533,19682,525,51,113,,2025-07-05
093fe127,etbe-bws-2025,Instagram,https://www.instagram.com/p/sample1/,2025-06-06,Countdown to #ETBWS2025 (sample),,14560,13300,418,52,16,,2025-07-05
0a3fe2ba,etbe-bws-2025,Instagram,https://www.instagram.com/p/sample2/,2025-06-09,Countdown to #ETBWS2025 (sample),,12425,14007,259,26,93,,2025-07-05
0b3fe44d,etbe-bws-2025,Instagram,https://www.instagram.com/p/sample3/,2025-06-12,Countdown to #ETBWS2025 (sample),,12168,16549,803,59,120,,2025-07-05
043fd948,etbe-bws-2025,Instagram,https://www.instagram.com/p/sample4/,2025-06-15,Countdown to #ETBWS2025 (sample),,28202,16713,802,33,106,,2025-07-05
053fdadb,etbe-bws-2025,Instagram,https://www.instagram.com/p/sample5/,2025-06-18,Countdown to #ETBWS2025 (sample),,14122,17731,432,6,42,,2025-07-05
063fdc6e,etbe-bws-2025,Instagram,https://www.instagram.com/p/sample6/,2025-06-21,Countdown to #ETBWS2025 (sample),,28671,7996,788,53,33,,2025-07-05
073fde01,etbe-bws-2025,Instagram,https://www.instagram.com/p/sample7/,2025-07-04,Live from #ETBWS2025 (sample),,15021,11592,686,43,85,,2025-07-05
003fd2fc,etbe-bws-2025,Instagram,https://www.instagram.com/p/sample8/,2025-07-04,Live from #ETBWS2025 (sample),,13093,10892,738,56,15,,2025-07-05
013fd48f,etbe-bws-2025,Instagram,https://www.instagram.com/p/sample9/,2025-07-04,Live from #ETBWS2025 (sample),,15343,9736,631,49,106,,2025-07-05
629906a5,etbe-bws-2025,YouTube,https://www.youtube.com/watch?v=sample0,2025-06-10,Brand World Summit 2025 session 1 (sample),,14355,,366,38,,,2025-07-05
61990512,etbe-bws-2025,YouTube,https://www.youtube.com/watch?v=sample1,2025-06-14,Brand World Summit 2025 session 2 (sample),,24701,,225,39,,,2025-07-05
6099037f,etbe-bws-2025,YouTube,https://www.youtube.com/watch?v=sample2,2025-06-18,Brand World Summit 2025 session 3 (sample),,29782,,487,24,,,2025-07-05
5f9901ec,etbe-bws-2025,YouTube,https://www.youtube.com/watch?v=sample3,2025-07-04,Brand World Summit 2025 session 4 (sample),,21622,,254,10,,,2025-07-05
5e990059,etbe-bws-2025,YouTube,https://www.youtube.com/watch?v=sample4,2025-07-04,Brand World Summit 2025 session 5 (sample),,32590,,529,25,,,2025-07-05
5d98fec6,etbe-bws-2025,YouTube,https://www.youtube.com/watch?v=sample5,2025-07-04,Brand World Summit 2025 session 6 (sample),,16015,,429,11,,,2025-07-05
