row_key,event_key,name,designation,company,city,industry,photo_url,is_key
d918b060,etbe-bws-2025,Sanjiv Mehta,Executive Chairman,L Catterton India,,,,Yes
9d1391a4,etbe-bws-2025,Prabha Narasimhan,MD & CEO,Colgate-Palmolive India,,,,Yes
09b9ac99,etbe-bws-2025,Prasoon Joshi,"CEO, McCann World Group India and Chairman APAC",,,,,Yes
4fab0577,etbe-bws-2025,Sudhanshu Vats,Managing Director,Pidilite Industries,,,,Yes
f7ca16a1,etbe-bws-2025,Rohit Bhasin,President and CMO,Kotak Mahindra Bank,,,,Yes
a77b1b1b,etbe-bws-2025,Vicky Kaushal,Actor,,,,,
7aa13679,etbe-bws-2025,Virat Khullar,"AVP & Vertical Head, Marketing",Hyundai Motor India,,,,
2f36a0aa,etbe-bws-2025,Daniel Kim,Vice President Marketing APAC,Tinder,,,,
b9751bd6,etbe-bws-2025,Jan Bures,"Executive Director of Sales, Marketing and Digital",Skoda Auto Volkswagen India,,,,
43021942,etbe-bws-2025,Sandeep Tanwani,CMO,,,,,Yes
486a4fc2,etbe-bws-2025,Kapil Grover,CMO,Restaurant Brands Asia (Burger King),,,,Yes
b71f7afa,etbe-bws-2025,Ashwin Moorthy,CMO,Godrej Consumer Products,,,,Yes
b30f6a8c,etbe-bws-2025,Lakshmi Narayanan,CMO,CEAT,,,,Yes
037e0c50,etbe-bws-2025,Anuradha Aggarwal,Director User Growth and CMO,Amazon Pay,,,,Yes
63bc9b27,etbe-bws-2025,Chandrika Jain,CMO,Lenovo India,,,,Yes
2cd5eb59,etbe-bws-2025,Nipun Kaushal,CMO,Yes Bank,,,,Yes
98b6cd76,etbe-bws-2025,Sunder Balasubramanian,CMO,Myntra,,,,Yes
3ae5d300,etbe-bws-2025,Bhawna Sikka,CMO,Adidas,,,,Yes
5c11d6c6,etbe-bws-2025,Maneesh Mittal,Senior Vice President,,,,,
fcfe2c8e,etbe-bws-2025,Zameer kochar,CMO,Angel One,,,,Yes
dc3de270,etbe-bws-2025,Darshana Shah,CMO,Aditya Birla Capital,,,,Yes
2a5c4139,etbe-bws-2025,Sachin Vashishtha,CMO,Paisabazaar,,,,Yes
6ab36b54,etbe-bws-2025,Ashish Mishra,CMO,Acko,,,,Yes
e97bb190,etbe-bws-2025,Milind Pathak,Chief Corporate Marketing Officer,Proximus Global,,,,Yes
b72b1380,etbe-bws-2025,Saloni Anand,Co-Founder,Traya Health,,,,Yes
710bde7f,etbe-bws-2025,Kavita Jagtiani,Chief Marketing Officer,L&T Finance,,,,Yes
d3fc7b50,etbe-bws-2025,Robin Das,Founder & CEO,Brandintelle,,,,Yes
da8a7d81,etbe-bws-2025,Gagandeep Gadri,EVP & Global MD,"frog, a part of Capgemini Invent",,,,Yes
b54937c3,etbe-bws-2025,Nishit Kanchan,"Head of Sales, India",,,,,
6b680cb7,etbe-bws-2025,Tarun Joshi,Founder & CEO,IGP,,,,Yes
c2042a71,etbe-bws-2025,Saikot Das,"Senior Director, Marketing & Brand Experience - South Asia, Middle East & Africa",Levi Strauss & Co.,,,,
003741a9,etbe-bws-2025,Namrata Soni,Founder,Simply Nam,,,,Yes
73e805c6,etbe-bws-2025,Nisha khatri,Head of Marketing,Libas,,,,
cd97c502,etbe-bws-2025,Tarun Sharma,Co-Founder,Mcaffeine & Hyphen,,,,Yes
9450e81d,etbe-bws-2025,Prabhu Karthikeyan,Co-Founder,Goodbug,,,,Yes
