row_key,event_key,name,group,tier,logo_url
0f5b28ad,etbe-bws-2025,Samsung ads,Presenting Partner,Presenting,https://img.etb2bimg.com/files/retail_files/file_1750847125_SA_logo_PPTshape_1_.pptx.png
3f41ec3c,etbe-bws-2025,Monotype,Powered By,Powered by,https://img.etb2bimg.com/files/retail_files/file_1751376697_MT_Monotype_Logo_Black_RGB_1_2.png
855a9ada,etbe-bws-2025,Route Mobile,Co-Powered by,Co-powered,https://img.etb2bimg.com/files/retail_files/file_1750156918_TS_BICS_RM_Proximus_Global_SMALL_PXS_Global_RGB_1_.png
bcf0ae10,etbe-bws-2025,Flipkart Ads,In Association With,In association,https://img.etb2bimg.com/files/retail_files/file_1750917223_Logo_new_2_02_1_.png
dbd27ae0,etbe-bws-2025,Google Messages,Gold Partners,Gold,https://img.etb2bimg.com/files/retail_files/file_1746534561_Google_Messages_logo_vertical_CMYK.png
df5822b5,etbe-bws-2025,TATA Communication,Gold Partners,Gold,https://img.etb2bimg.com/files/retail_files/file_1751264577_Tata_communication_logo_3_.png
1da91afa,etbe-bws-2025,Trade Desk,Silver Partner,Silver,https://img.etb2bimg.com/files/retail_files/file_1747804283_TTD_Lockup_BlueSky_2_1_.png
93108b8d,etbe-bws-2025,FROG,Associate Partners,Associate,https://img.etb2bimg.com/files/retail_files/file_1750760037_frog_Cap_Invent_logo_horizontal_black_1_.png
082f7f8c,etbe-bws-2025,Shakuniya,Associate Partners,Associate,https://img.etb2bimg.com/files/retail_files/file_1751271208_SSPL_1x3_Logo_1_.png
3abe15fb,etbe-bws-2025,L&T,NBFC Fintech Partner,Category partner,https://img.etb2bimg.com/files/retail_files/file_1750682712_L_T_logo_1_.jpg
a5678a5a,etbe-bws-2025,Roshan Space,Outdoor Media Partner,Category partner,https://img.etb2bimg.com/files/retail_files/file_1751271612_For_Logo_PNGs_02_1_.png
d1a7aaac,etbe-bws-2025,ImageKit,Exhibitors,Exhibitor,https://img.etb2bimg.com/files/retail_files/file_1749533369_imagekit_logo_true_size.png
b45fd5cb,etbe-bws-2025,Gobble cube,Exhibitors,Exhibitor,https://img.etb2bimg.com/files/retail_files/file_1750759823_GC_logo_blue.png
affb5e1d,etbe-bws-2025,Notify Visitors,Exhibitors,Exhibitor,https://img.etb2bimg.com/files/retail_files/file_1751271968__Group_.png
65fc0d09,etbe-bws-2025,oogw.ai,Exhibitors,Exhibitor,https://img.etb2bimg.com/files/retail_files/file_1751278180_logo_for_post_1_.png
8594332a,etbe-bws-2025,WhilterAi,Exhibitors,Exhibitor,https://img.etb2bimg.com/files/retail_files/file_1751271509_CMYK_Trans_1_.png
f1168af2,etbe-bws-2025,Big City Promotions,Exhibitors,Exhibitor,https://img.etb2bimg.com/files/retail_files/file_1751451340_BCP_Logo_Vector.svg
e3275a6d,etbe-bws-2025,Lenskart,Gifting Partners,Category partner,https://img.etb2bimg.com/files/retail_files/file_1750916950_Logo.png
01d6bfe7,etbe-bws-2025,fixderma,Gifting Partners,Category partner,https://img.etb2bimg.com/files/retail_files/file_1750759643_New_Logo_1_.png
12677cd8,etbe-bws-2025,Good Bug,Gifting Partners,Category partner,https://img.etb2bimg.com/files/retail_files/file_1751542176_TGB_Probiotic_Logo_01_1_.png
1b51cf9a,etbe-bws-2025,Refreshing,Creative Partner,Category partner,https://img.etb2bimg.com/files/retail_files/file_1751442905_Logo_png_1_.png
b35d6e54,etbe-bws-2025,Analytics LIV,Startup Arena Showcase,Start-up,https://img.etb2bimg.com/files/retail_files/file_1751358445_AnalyticsLiv_V_1_1_.png
0859930d,etbe-bws-2025,Crewtangle LP,Startup Arena Showcase,Start-up,https://img.etb2bimg.com/files/retail_files/file_1751358541_Crewtangle_Logo.png
07c30443,etbe-bws-2025,Envigo,Startup Arena Showcase,Start-up,https://img.etb2bimg.com/files/retail_files/file_1751358636_envigo_logo_1_1_1_.png
8f6d2704,etbe-bws-2025,FilterYou,Startup Arena Showcase,Start-up,https://img.etb2bimg.com/files/retail_files/file_1751358687_FY_Black_1_.png
694e9a29,etbe-bws-2025,POOCHO,Startup Arena Showcase,Start-up,https://img.etb2bimg.com/files/retail_files/file_1751358760_logo_yellow_website_1_1_1_.png
